27,15,67,41,137,57,106,89,139,99,42,135,130,146,111,43,107,101,76,136,94,2,69,11,92,79,33,31,149,48
compounds,inflammatory,testing,recipients,food,trauma,cancer,water,symptoms,data,pedv,antibodies,preprint,network,students,rotavirus,cases,genes,activation,mers,cats,transmission,studies,air,dogs,expression,liver,cells,pandemic,apoptosis
reaction,cytokines,test,transplant,products,injury,tumor,treatment,fever,system,tgev,epitopes,license,nodes,training,viruses,data,expression,signaling,korea,dogs,cases,development,particles,cats,levels,cf,virus,patients,autophagy
compound,response,tests,transplantation,risk,bone,tumors,surface,acute,information,piglets,binding,medrxiv,networks,education,diarrhea,period,gene,protein,camels,cat,contact,approach,flow,study,activity,patients,cell,care,cells
activity,inflammation,sensitivity,donor,production,injuries,breast,inactivation,respiratory,user,pigs,peptides,display,node,learning,human,incidence,analysis,cell,saudi,feline,case,disease,particle,horses,increased,cftr,culture,risk,cell
derivatives,immune,diagnostic,rejection,safety,pain,cell,uv,illness,users,intestinal,peptide,copyright,set,school,virus,study,data,phosphorylation,cases,canine,outbreak,potential,airborne,concentrations,effect,hepatic,infected,healthcare,stress
synthesis,macrophages,detection,graft,product,emergency,patients,surfaces,cough,technology,porcine,antibody,granted,graph,program,hev,years,figure,pathway,arabia,fip,individuals,models,aerosol,serum,cells,fibrosis,medium,health,protein
acid,cytokine,clinical,patients,process,fractures,cases,environmental,common,systems,pdcov,epitope,holder,degree,skills,enteric,year,expressed,transcription,respiratory,disease,contacts,approaches,ventilation,Ï­,compared,disease,vero,resources,er
group,activation,assay,survival,quality,fracture,carcinoma,wastewater,days,mobile,diarrhea,mab,perpetuity,number,teaching,gastroenteritis,number,response,kinase,reported,fcov,infection,provide,concentration,disease,reduced,function,viral,patient,mitochondrial
mmol,production,results,liver,risks,patients,chemotherapy,waste,diagnosis,software,virus,mabs,version,time,medical,norovirus,reported,identified,cells,middle,dog,days,recent,wind,clinical,results,cystic,cultures,current,death
ring,levels,assays,recipient,regulatory,head,survival,disinfection,infection,digital,swine,neutralizing,posted,problem,programs,fecal,week,pathways,binding,east,fipv,period,human,droplets,healthy,significantly,chronic,replication,time,pathway
