36,35,87,89,26,56,10,95,25,98,40,55,80,34,24,96,9,0,33,82,8,28,48,73,57,90,4,77,7,30
corporation,environmental,act,program,commission,business,agreement,transportation,health,social,housing,guard,review,coastal,account,indian,child,service,plan,military,enforcement,section,project,substance,drug,immigration,veterans,employer,alien,development
foreign,federal,bill,secretary,board,small,contract,air,care,security,disaster,corps,order,management,section,tribe,children,communications,plans,armed,law,title,water,treatment,food,alien,department,employee,status,activities
section,permit,senate,programs,members,businesses,agreements,aircraft,medical,benefits,assistance,states,court,act,retirement,tribal,family,commission,section,forces,officer,code,projects,drug,cosmetic,secretary,secretary,labor,section,programs
income,act,read,pilot,advisory,act,pursuant,administrator,services,act,emergency,united,claim,fishing,employee,native,care,provider,year,members,attorney,sec,secretary,opioid,section,security,affairs,employment,act,including
subsection,application,introduced,participating,committee,administrator,contracts,aviation,service,benefit,section,vessel,board,marine,employer,act,families,internet,benefits,member,general,amended,act,controlled,product,homeland,veteran,employees,immigration,data
purposes,applicable,session,assistance,appointed,owned,subsection,administration,hospital,section,relief,national,decision,mexico,savings,tribes,youth,term,act,defense,officers,chapter,infrastructure,substances,secretary,removal,medical,workers,secretary,agencies
paragraph,secretary,referred,section,member,center,entered,safety,providers,month,act,coast,notice,great,contributions,federal,services,broadband,requirements,service,person,table,rights,disorder,federal,section,administration,work,nationality,support
business,section,congress,established,federal,administration,party,unmanned,section,trust,unit,committee,claims,fishery,contribution,american,foster,act,secretary,active,investigation,relating,federal,recovery,fee,act,subsection,act,permanent,evaluation
year,review,cited,participation,duties,concerns,terms,federal,patient,insurance,area,secretary,determination,gulf,code,secretary,parent,access,benefit,services,body,item,construction,services,application,general,title,compensation,application,develop
group,proposed,committee,subsection,director,economic,services,airport,secretary,commissioner,hurricane,museum,hearing,ocean,distribution,alaska,age,means,date,duty,foreign,adding,hualapai,abuse,order,united,united,time,states,federal
